<?xml version="1.0" encoding="UTF-8"?>
<project-private xmlns="http://www.netbeans.org/ns/project-private/1">
    <editor-bookmarks xmlns="http://www.netbeans.org/ns/editor-bookmarks/2" lastBookmarkId="0"/>
    <open-files xmlns="http://www.netbeans.org/ns/projectui-open-files/2">
        <group>
            <file>file:/C:/Users/DHRUMIT/Documents/NetBeansProjects/My_College_Updates/web/admin/Update_Batch.jsp</file>
            <file>file:/C:/Users/DHRUMIT/Documents/NetBeansProjects/My_College_Updates/web/admin/View_Students.jsp</file>
            <file>file:/C:/Users/DHRUMIT/Documents/NetBeansProjects/My_College_Updates/web/admin/Update_classes.jsp</file>
            <file>file:/C:/Users/DHRUMIT/Documents/NetBeansProjects/My_College_Updates/web/admin/Managedepartment.jsp</file>
            <file>file:/C:/Users/DHRUMIT/Documents/NetBeansProjects/My_College_Updates/src/java/AddDepartment.java</file>
            <file>file:/C:/Users/DHRUMIT/Documents/NetBeansProjects/My_College_Updates/web/admin/Update_Dept.jsp</file>
        </group>
    </open-files>
</project-private>
